name,email
Estella,Estella@awesomemail.com
Corrine,Corrine@awesomemail.com
Roche,Roche@awesomemail.com
Merat,Merat@awesomemail.com
Kaja,Kaja@awesomemail.com
Felecia,Felecia@awesomemail.com
Bahr,Bahr@awesomemail.com
Killigrew,Killigrew@awesomemail.com
Catie,Catie@awesomemail.com
Lareena,Lareena@awesomemail.com
Dorothy,Dorothy@awesomemail.com
Buttaro,Buttaro@awesomemail.com
Othilia,Othilia@awesomemail.com
Engdahl,Engdahl@awesomemail.com
Andrel,Andrel@awesomemail.com
Lareena,Lareena@awesomemail.com
Shelba,Shelba@awesomemail.com
Saunderson,Saunderson@awesomemail.com
Baudin,Baudin@awesomemail.com
Sibyls,Sibyls@awesomemail.com
Henebry,Henebry@awesomemail.com
Fontana,Fontana@awesomemail.com
Japeth,Japeth@awesomemail.com
Helfand,Helfand@awesomemail.com
Kinnard,Kinnard@awesomemail.com
Judye,Judye@awesomemail.com
Shirberg,Shirberg@awesomemail.com
Halla,Halla@awesomemail.com
Florina,Florina@awesomemail.com
Aldric,Aldric@awesomemail.com
Melony,Melony@awesomemail.com
Desai,Desai@awesomemail.com
Tayib,Tayib@awesomemail.com
Donell,Donell@awesomemail.com
Pulsifer,Pulsifer@awesomemail.com
Torray,Torray@awesomemail.com
Cimbura,Cimbura@awesomemail.com
Henrie,Henrie@awesomemail.com
Claudine,Claudine@awesomemail.com
Bibi,Bibi@awesomemail.com
Bakerman,Bakerman@awesomemail.com
Solitta,Solitta@awesomemail.com
Parsaye,Parsaye@awesomemail.com
Dunkin,Dunkin@awesomemail.com
Giff,Giff@awesomemail.com
Alrich,Alrich@awesomemail.com
Stacy,Stacy@awesomemail.com
Raychel,Raychel@awesomemail.com
Christal,Christal@awesomemail.com
Carolin,Carolin@awesomemail.com
Selway,Selway@awesomemail.com
Judye,Judye@awesomemail.com
Fulmer,Fulmer@awesomemail.com
Koehler,Koehler@awesomemail.com
Fillbert,Fillbert@awesomemail.com
Halsey,Halsey@awesomemail.com
Kimmie,Kimmie@awesomemail.com
Uird,Uird@awesomemail.com
Anselmi,Anselmi@awesomemail.com
Stacy,Stacy@awesomemail.com
Bryna,Bryna@awesomemail.com
Douglass,Douglass@awesomemail.com
Prober,Prober@awesomemail.com
Tryck,Tryck@awesomemail.com
Elsinore,Elsinore@awesomemail.com
Laverne,Laverne@awesomemail.com
Casimir,Casimir@awesomemail.com
Bow,Bow@awesomemail.com
Kalinda,Kalinda@awesomemail.com
Payson,Payson@awesomemail.com
Randene,Randene@awesomemail.com
Darian,Darian@awesomemail.com
Gaspard,Gaspard@awesomemail.com
Jerald,Jerald@awesomemail.com
Macey,Macey@awesomemail.com
Hathaway,Hathaway@awesomemail.com
Kelula,Kelula@awesomemail.com
Brittani,Brittani@awesomemail.com
Ioab,Ioab@awesomemail.com
Therine,Therine@awesomemail.com
Dom,Dom@awesomemail.com
Noelyn,Noelyn@awesomemail.com
Sheng,Sheng@awesomemail.com
Pyle,Pyle@awesomemail.com
Tufts,Tufts@awesomemail.com
Gibbeon,Gibbeon@awesomemail.com
Ivens,Ivens@awesomemail.com
Tippets,Tippets@awesomemail.com
Lorain,Lorain@awesomemail.com
Penelopa,Penelopa@awesomemail.com
Flyn,Flyn@awesomemail.com
Philoo,Philoo@awesomemail.com
Ledah,Ledah@awesomemail.com
Torray,Torray@awesomemail.com
Chabot,Chabot@awesomemail.com
Philoo,Philoo@awesomemail.com
Percy,Percy@awesomemail.com
Read,Read@awesomemail.com
Oneida,Oneida@awesomemail.com
Raseda,Raseda@awesomemail.com
Dosia,Dosia@awesomemail.com
Hartnett,Hartnett@awesomemail.com
Dermott,Dermott@awesomemail.com
Land,Land@awesomemail.com
Mallon,Mallon@awesomemail.com
Kare,Kare@awesomemail.com
Christine,Christine@awesomemail.com
Alcott,Alcott@awesomemail.com
Llovera,Llovera@awesomemail.com
Hilbert,Hilbert@awesomemail.com
Lea,Lea@awesomemail.com
Kannry,Kannry@awesomemail.com
Carvey,Carvey@awesomemail.com
Rillings,Rillings@awesomemail.com
Deny,Deny@awesomemail.com
Yorick,Yorick@awesomemail.com
Quent,Quent@awesomemail.com
Demitria,Demitria@awesomemail.com
Bettine,Bettine@awesomemail.com
Havens,Havens@awesomemail.com
Sperling,Sperling@awesomemail.com
Wu,Wu@awesomemail.com
Ioab,Ioab@awesomemail.com
Posner,Posner@awesomemail.com
Georgy,Georgy@awesomemail.com
Armanda,Armanda@awesomemail.com
Elvyn,Elvyn@awesomemail.com
Leffen,Leffen@awesomemail.com
Mitzi,Mitzi@awesomemail.com
Suk,Suk@awesomemail.com
Hartnett,Hartnett@awesomemail.com
Kalinda,Kalinda@awesomemail.com
Maxi,Maxi@awesomemail.com
Elephus,Elephus@awesomemail.com
Smitt,Smitt@awesomemail.com
Donoghue,Donoghue@awesomemail.com
Mitzi,Mitzi@awesomemail.com
Othilia,Othilia@awesomemail.com
Robertson,Robertson@awesomemail.com
Johnsson,Johnsson@awesomemail.com
Kermit,Kermit@awesomemail.com
Anestassia,Anestassia@awesomemail.com
Curren,Curren@awesomemail.com
Garek,Garek@awesomemail.com
Sisile,Sisile@awesomemail.com
Brittani,Brittani@awesomemail.com
Hashim,Hashim@awesomemail.com
Gavrila,Gavrila@awesomemail.com
Kare,Kare@awesomemail.com
Medrek,Medrek@awesomemail.com
Gamaliel,Gamaliel@awesomemail.com
Jenness,Jenness@awesomemail.com
Lynn,Lynn@awesomemail.com
Selway,Selway@awesomemail.com
Cecile,Cecile@awesomemail.com
Douglass,Douglass@awesomemail.com
Ranjiv,Ranjiv@awesomemail.com
Rossner,Rossner@awesomemail.com
Anis,Anis@awesomemail.com
Stanwood,Stanwood@awesomemail.com
Old,Old@awesomemail.com
Rheingold,Rheingold@awesomemail.com
MacIntosh,MacIntosh@awesomemail.com
Hilbert,Hilbert@awesomemail.com
Sherfield,Sherfield@awesomemail.com
Gert,Gert@awesomemail.com
Ariella,Ariella@awesomemail.com
Haldas,Haldas@awesomemail.com
Hanshaw,Hanshaw@awesomemail.com
Hylan,Hylan@awesomemail.com
Franza,Franza@awesomemail.com
Behre,Behre@awesomemail.com
Thad,Thad@awesomemail.com
Alisia,Alisia@awesomemail.com
Orpah,Orpah@awesomemail.com
Adamsen,Adamsen@awesomemail.com
Ogren,Ogren@awesomemail.com
Faso,Faso@awesomemail.com
Konyn,Konyn@awesomemail.com
Lindemann,Lindemann@awesomemail.com
Fabiola,Fabiola@awesomemail.com
Poppy,Poppy@awesomemail.com
Cadmar,Cadmar@awesomemail.com
Janene,Janene@awesomemail.com
Calhoun,Calhoun@awesomemail.com
Tengdin,Tengdin@awesomemail.com
Danby,Danby@awesomemail.com
Janith,Janith@awesomemail.com
Euridice,Euridice@awesomemail.com
Leffen,Leffen@awesomemail.com
Lalitta,Lalitta@awesomemail.com
Etom,Etom@awesomemail.com
Infield,Infield@awesomemail.com
Michella,Michella@awesomemail.com
Garlinda,Garlinda@awesomemail.com
Bollay,Bollay@awesomemail.com
Arley,Arley@awesomemail.com
Pierette,Pierette@awesomemail.com
Sabella,Sabella@awesomemail.com
McGrody,McGrody@awesomemail.com
Manolo,Manolo@awesomemail.com
Penelopa,Penelopa@awesomemail.com
Fredi,Fredi@awesomemail.com
Hazlett,Hazlett@awesomemail.com
My,My@awesomemail.com
Demitria,Demitria@awesomemail.com
Odysseus,Odysseus@awesomemail.com
Meli,Meli@awesomemail.com
Braun,Braun@awesomemail.com
Jefferey,Jefferey@awesomemail.com
Briney,Briney@awesomemail.com
Nikaniki,Nikaniki@awesomemail.com
Thunell,Thunell@awesomemail.com
Constancy,Constancy@awesomemail.com
Girardo,Girardo@awesomemail.com
Ajay,Ajay@awesomemail.com
Penelopa,Penelopa@awesomemail.com
Faro,Faro@awesomemail.com
Tiffa,Tiffa@awesomemail.com
Hebner,Hebner@awesomemail.com
Zuzana,Zuzana@awesomemail.com
Alrich,Alrich@awesomemail.com
MacIntosh,MacIntosh@awesomemail.com
Terrence,Terrence@awesomemail.com
Bach,Bach@awesomemail.com
Auberbach,Auberbach@awesomemail.com
Tillford,Tillford@awesomemail.com
Sheedy,Sheedy@awesomemail.com
Obed,Obed@awesomemail.com
Bates,Bates@awesomemail.com
Byrne,Byrne@awesomemail.com
Stanwood,Stanwood@awesomemail.com
Killigrew,Killigrew@awesomemail.com
Burkle,Burkle@awesomemail.com
Auberbach,Auberbach@awesomemail.com
Mott,Mott@awesomemail.com
Natalia,Natalia@awesomemail.com
Nikaniki,Nikaniki@awesomemail.com
Christine,Christine@awesomemail.com
Vivle,Vivle@awesomemail.com
Dahlia,Dahlia@awesomemail.com
Old,Old@awesomemail.com
Graig,Graig@awesomemail.com
Douglass,Douglass@awesomemail.com
Longfellow,Longfellow@awesomemail.com
Hanleigh,Hanleigh@awesomemail.com
Gwenore,Gwenore@awesomemail.com
Rudolph,Rudolph@awesomemail.com
Greenwald,Greenwald@awesomemail.com
Lowry,Lowry@awesomemail.com
Aloise,Aloise@awesomemail.com
Sabella,Sabella@awesomemail.com
Gillan,Gillan@awesomemail.com
Strephon,Strephon@awesomemail.com
Roche,Roche@awesomemail.com
Ajay,Ajay@awesomemail.com
Bethany,Bethany@awesomemail.com
Scammon,Scammon@awesomemail.com
Ietta,Ietta@awesomemail.com
Mehalek,Mehalek@awesomemail.com
Cynar,Cynar@awesomemail.com
Carleen,Carleen@awesomemail.com
Francyne,Francyne@awesomemail.com
Jacinda,Jacinda@awesomemail.com
Anis,Anis@awesomemail.com
Madox,Madox@awesomemail.com
Craggie,Craggie@awesomemail.com
Lareena,Lareena@awesomemail.com
McLaughlin,McLaughlin@awesomemail.com
Olnee,Olnee@awesomemail.com
Jorgan,Jorgan@awesomemail.com
Kaja,Kaja@awesomemail.com
Shelba,Shelba@awesomemail.com
Ambrosia,Ambrosia@awesomemail.com
Velick,Velick@awesomemail.com
Nicoline,Nicoline@awesomemail.com
Pandolfi,Pandolfi@awesomemail.com
Larochelle,Larochelle@awesomemail.com
Sallyann,Sallyann@awesomemail.com
Salvidor,Salvidor@awesomemail.com
Geffner,Geffner@awesomemail.com
Helve,Helve@awesomemail.com
Kelula,Kelula@awesomemail.com
Marsden,Marsden@awesomemail.com
Merell,Merell@awesomemail.com
Laurianne,Laurianne@awesomemail.com
Valoniah,Valoniah@awesomemail.com
Gavrila,Gavrila@awesomemail.com
Marlie,Marlie@awesomemail.com
Carolin,Carolin@awesomemail.com
Myrilla,Myrilla@awesomemail.com
Lane,Lane@awesomemail.com
Atonsah,Atonsah@awesomemail.com
Tryck,Tryck@awesomemail.com
Franza,Franza@awesomemail.com
Margret,Margret@awesomemail.com
Idelia,Idelia@awesomemail.com
Wolfgram,Wolfgram@awesomemail.com
Marlie,Marlie@awesomemail.com
Jerold,Jerold@awesomemail.com
Lanita,Lanita@awesomemail.com
Millda,Millda@awesomemail.com
Vilma,Vilma@awesomemail.com
Nore,Nore@awesomemail.com
Thar,Thar@awesomemail.com
Sperling,Sperling@awesomemail.com
Sigfrid,Sigfrid@awesomemail.com
Harned,Harned@awesomemail.com
Malvino,Malvino@awesomemail.com
Marisa,Marisa@awesomemail.com
Garrison,Garrison@awesomemail.com
Riordan,Riordan@awesomemail.com
Tybald,Tybald@awesomemail.com
Schenck,Schenck@awesomemail.com
Poppy,Poppy@awesomemail.com
Gower,Gower@awesomemail.com
Reinke,Reinke@awesomemail.com
Johanna,Johanna@awesomemail.com
Truc,Truc@awesomemail.com
Belanger,Belanger@awesomemail.com
Schenck,Schenck@awesomemail.com
Eldrid,Eldrid@awesomemail.com
Granoff,Granoff@awesomemail.com
Lanita,Lanita@awesomemail.com
Autrey,Autrey@awesomemail.com
Callista,Callista@awesomemail.com
Kaja,Kaja@awesomemail.com
Vorster,Vorster@awesomemail.com
Tannie,Tannie@awesomemail.com
Reidar,Reidar@awesomemail.com
Doig,Doig@awesomemail.com
Melleta,Melleta@awesomemail.com
Philipp,Philipp@awesomemail.com
Terrence,Terrence@awesomemail.com
Thar,Thar@awesomemail.com
Rocray,Rocray@awesomemail.com
Hepsibah,Hepsibah@awesomemail.com
Lasley,Lasley@awesomemail.com
Tamsky,Tamsky@awesomemail.com
Gusella,Gusella@awesomemail.com
Zaslow,Zaslow@awesomemail.com
Presber,Presber@awesomemail.com
Judye,Judye@awesomemail.com
Corrine,Corrine@awesomemail.com
Revkah,Revkah@awesomemail.com
Lesley,Lesley@awesomemail.com
Camden,Camden@awesomemail.com
Poll,Poll@awesomemail.com
Saunderson,Saunderson@awesomemail.com
Masao,Masao@awesomemail.com
Love,Love@awesomemail.com
Fleeta,Fleeta@awesomemail.com
Anderea,Anderea@awesomemail.com
Hilbert,Hilbert@awesomemail.com
Ammann,Ammann@awesomemail.com
Bury,Bury@awesomemail.com
Sekofski,Sekofski@awesomemail.com
Khorma,Khorma@awesomemail.com
Olin,Olin@awesomemail.com
Halsey,Halsey@awesomemail.com
Curren,Curren@awesomemail.com
Kravits,Kravits@awesomemail.com
Arathorn,Arathorn@awesomemail.com
Grosz,Grosz@awesomemail.com
Sancho,Sancho@awesomemail.com
Peg,Peg@awesomemail.com
Cottle,Cottle@awesomemail.com
Longfellow,Longfellow@awesomemail.com
Alexandr,Alexandr@awesomemail.com
Gaynor,Gaynor@awesomemail.com
Reidar,Reidar@awesomemail.com
Desai,Desai@awesomemail.com
Curren,Curren@awesomemail.com
Hazlett,Hazlett@awesomemail.com
Ophelia,Ophelia@awesomemail.com
Nahum,Nahum@awesomemail.com
Socha,Socha@awesomemail.com
Travax,Travax@awesomemail.com
Land,Land@awesomemail.com
Medrek,Medrek@awesomemail.com
Jerold,Jerold@awesomemail.com
Odell,Odell@awesomemail.com
Harned,Harned@awesomemail.com
Odell,Odell@awesomemail.com
Fancie,Fancie@awesomemail.com
Nea,Nea@awesomemail.com
Seessel,Seessel@awesomemail.com
Callista,Callista@awesomemail.com
Alexandr,Alexandr@awesomemail.com
Melony,Melony@awesomemail.com
Rudolph,Rudolph@awesomemail.com
Lay,Lay@awesomemail.com
Gert,Gert@awesomemail.com
Neva,Neva@awesomemail.com
Georgy,Georgy@awesomemail.com
Loleta,Loleta@awesomemail.com
My,My@awesomemail.com
Aprile,Aprile@awesomemail.com
Tyson,Tyson@awesomemail.com
Aurelio,Aurelio@awesomemail.com
Phyllis,Phyllis@awesomemail.com
Bakerman,Bakerman@awesomemail.com
Whittaker,Whittaker@awesomemail.com
Reinke,Reinke@awesomemail.com
Delacourt,Delacourt@awesomemail.com
Silvan,Silvan@awesomemail.com
Guildroy,Guildroy@awesomemail.com
Dearborn,Dearborn@awesomemail.com
Lindemann,Lindemann@awesomemail.com
Zrike,Zrike@awesomemail.com
Stephie,Stephie@awesomemail.com
O'Carroll,O'Carroll@awesomemail.com
Drus,Drus@awesomemail.com
Atcliffe,Atcliffe@awesomemail.com
Terrence,Terrence@awesomemail.com
Weaks,Weaks@awesomemail.com
Matthew,Matthew@awesomemail.com
Judye,Judye@awesomemail.com
Bergman,Bergman@awesomemail.com
Keelia,Keelia@awesomemail.com
Korey,Korey@awesomemail.com
Maroney,Maroney@awesomemail.com
Boehike,Boehike@awesomemail.com
Maples,Maples@awesomemail.com
Socha,Socha@awesomemail.com
Craggie,Craggie@awesomemail.com
Tristram,Tristram@awesomemail.com
Dalli,Dalli@awesomemail.com
Faust,Faust@awesomemail.com
Vacuva,Vacuva@awesomemail.com
Prouty,Prouty@awesomemail.com
Mike,Mike@awesomemail.com
Sholley,Sholley@awesomemail.com
Oscar,Oscar@awesomemail.com
Gabrielli,Gabrielli@awesomemail.com
McCutcheon,McCutcheon@awesomemail.com
Codding,Codding@awesomemail.com
Briney,Briney@awesomemail.com
Soneson,Soneson@awesomemail.com
Riva,Riva@awesomemail.com
Caitlin,Caitlin@awesomemail.com
Narton,Narton@awesomemail.com
Hedve,Hedve@awesomemail.com
Letsou,Letsou@awesomemail.com
Sidonius,Sidonius@awesomemail.com
Docilla,Docilla@awesomemail.com
Hazlett,Hazlett@awesomemail.com
Jary,Jary@awesomemail.com
Sidonius,Sidonius@awesomemail.com
Madelene,Madelene@awesomemail.com
Judye,Judye@awesomemail.com
Pearse,Pearse@awesomemail.com
Clywd,Clywd@awesomemail.com
Plato,Plato@awesomemail.com
Munn,Munn@awesomemail.com
Maroney,Maroney@awesomemail.com
Letsou,Letsou@awesomemail.com
Claudine,Claudine@awesomemail.com
Halla,Halla@awesomemail.com
Emmaline,Emmaline@awesomemail.com
Kronfeld,Kronfeld@awesomemail.com
Grimbly,Grimbly@awesomemail.com
Hachmin,Hachmin@awesomemail.com
Schwejda,Schwejda@awesomemail.com
Chesna,Chesna@awesomemail.com
Fillbert,Fillbert@awesomemail.com
Byrne,Byrne@awesomemail.com
Gilmour,Gilmour@awesomemail.com
Therine,Therine@awesomemail.com
Cynar,Cynar@awesomemail.com
Ackerley,Ackerley@awesomemail.com
Jorgan,Jorgan@awesomemail.com
Seessel,Seessel@awesomemail.com
Elo,Elo@awesomemail.com
Wadell,Wadell@awesomemail.com
Travax,Travax@awesomemail.com
Nester,Nester@awesomemail.com
Marsden,Marsden@awesomemail.com
Cornelia,Cornelia@awesomemail.com
Ailyn,Ailyn@awesomemail.com
Pozzy,Pozzy@awesomemail.com
Pyle,Pyle@awesomemail.com
Jary,Jary@awesomemail.com
Glenden,Glenden@awesomemail.com
Ries,Ries@awesomemail.com
Ranjiv,Ranjiv@awesomemail.com
Whittaker,Whittaker@awesomemail.com
Dermott,Dermott@awesomemail.com
Allare,Allare@awesomemail.com
Sabella,Sabella@awesomemail.com
Kamaria,Kamaria@awesomemail.com
Glenden,Glenden@awesomemail.com
Leffen,Leffen@awesomemail.com
Anis,Anis@awesomemail.com
Gwenore,Gwenore@awesomemail.com
O'Rourke,O'Rourke@awesomemail.com
Longfellow,Longfellow@awesomemail.com
Margarete,Margarete@awesomemail.com
Jarib,Jarib@awesomemail.com
Fadiman,Fadiman@awesomemail.com
Kosey,Kosey@awesomemail.com
Palocz,Palocz@awesomemail.com
Koehler,Koehler@awesomemail.com
Han,Han@awesomemail.com
Vittoria,Vittoria@awesomemail.com
Kalinda,Kalinda@awesomemail.com
Kenney,Kenney@awesomemail.com
Hieronymus,Hieronymus@awesomemail.com
Swanhildas,Swanhildas@awesomemail.com
Bari,Bari@awesomemail.com
Talia,Talia@awesomemail.com
August,August@awesomemail.com
Tufts,Tufts@awesomemail.com
Behre,Behre@awesomemail.com
Germann,Germann@awesomemail.com
Bashemeth,Bashemeth@awesomemail.com
Shields,Shields@awesomemail.com
Gibbeon,Gibbeon@awesomemail.com
Caitlin,Caitlin@awesomemail.com
Shaddock,Shaddock@awesomemail.com
Kermit,Kermit@awesomemail.com
Jarib,Jarib@awesomemail.com
Tillford,Tillford@awesomemail.com
Cordi,Cordi@awesomemail.com
Manolo,Manolo@awesomemail.com
Merat,Merat@awesomemail.com
Moina,Moina@awesomemail.com
Wyn,Wyn@awesomemail.com
Trace,Trace@awesomemail.com
Ietta,Ietta@awesomemail.com
Chandler,Chandler@awesomemail.com
Michella,Michella@awesomemail.com
Lipson,Lipson@awesomemail.com
Sekofski,Sekofski@awesomemail.com
Merell,Merell@awesomemail.com
Lewes,Lewes@awesomemail.com
Gahl,Gahl@awesomemail.com
Kronfeld,Kronfeld@awesomemail.com
Si,Si@awesomemail.com
Faso,Faso@awesomemail.com
Pierette,Pierette@awesomemail.com
Lail,Lail@awesomemail.com
Behre,Behre@awesomemail.com
Aldric,Aldric@awesomemail.com
Justinn,Justinn@awesomemail.com
Monk,Monk@awesomemail.com
Leary,Leary@awesomemail.com
Cressida,Cressida@awesomemail.com
Alice,Alice@awesomemail.com
Mendez,Mendez@awesomemail.com
Eldrid,Eldrid@awesomemail.com
Elisha,Elisha@awesomemail.com
Corilla,Corilla@awesomemail.com
Cleavland,Cleavland@awesomemail.com
Ellord,Ellord@awesomemail.com
Herrera,Herrera@awesomemail.com
Federica,Federica@awesomemail.com
Swanhildas,Swanhildas@awesomemail.com
Sherrie,Sherrie@awesomemail.com
Tatianas,Tatianas@awesomemail.com
Genna,Genna@awesomemail.com
Tippets,Tippets@awesomemail.com
Halsey,Halsey@awesomemail.com
Drus,Drus@awesomemail.com
Natalia,Natalia@awesomemail.com
Jefferey,Jefferey@awesomemail.com
Milde,Milde@awesomemail.com
Wadell,Wadell@awesomemail.com
Buttaro,Buttaro@awesomemail.com
Bibi,Bibi@awesomemail.com
Peg,Peg@awesomemail.com
Ambrosia,Ambrosia@awesomemail.com
Kathie,Kathie@awesomemail.com
Joni,Joni@awesomemail.com
Deegan,Deegan@awesomemail.com
Goerke,Goerke@awesomemail.com
Swanhildas,Swanhildas@awesomemail.com
Ruvolo,Ruvolo@awesomemail.com
Jena,Jena@awesomemail.com
Thomasina,Thomasina@awesomemail.com
Forrer,Forrer@awesomemail.com
Sparhawk,Sparhawk@awesomemail.com
Christal,Christal@awesomemail.com
Seligman,Seligman@awesomemail.com
Miru,Miru@awesomemail.com
Suk,Suk@awesomemail.com
Laurianne,Laurianne@awesomemail.com
Avi,Avi@awesomemail.com
Viddah,Viddah@awesomemail.com
Waite,Waite@awesomemail.com
Wallis,Wallis@awesomemail.com
Richers,Richers@awesomemail.com
McCutcheon,McCutcheon@awesomemail.com
Amadas,Amadas@awesomemail.com
Rhu,Rhu@awesomemail.com
McAdams,McAdams@awesomemail.com
Presber,Presber@awesomemail.com
Sundin,Sundin@awesomemail.com
Papageno,Papageno@awesomemail.com
Phyllis,Phyllis@awesomemail.com
Standing,Standing@awesomemail.com
Lytton,Lytton@awesomemail.com
Sisile,Sisile@awesomemail.com
Agle,Agle@awesomemail.com
Dunkin,Dunkin@awesomemail.com
Shields,Shields@awesomemail.com
Duwalt,Duwalt@awesomemail.com
Jeanne,Jeanne@awesomemail.com
Chem,Chem@awesomemail.com
Shaver,Shaver@awesomemail.com
Nester,Nester@awesomemail.com
Aida,Aida@awesomemail.com
Forrer,Forrer@awesomemail.com
Pierette,Pierette@awesomemail.com
Letsou,Letsou@awesomemail.com
Loeb,Loeb@awesomemail.com
Connelly,Connelly@awesomemail.com
Damarra,Damarra@awesomemail.com
Noman,Noman@awesomemail.com
Hillel,Hillel@awesomemail.com
Guthrie,Guthrie@awesomemail.com
Edmund,Edmund@awesomemail.com
Eugenia,Eugenia@awesomemail.com
Campball,Campball@awesomemail.com
Koziara,Koziara@awesomemail.com
Jeanne,Jeanne@awesomemail.com
Bates,Bates@awesomemail.com
Sundin,Sundin@awesomemail.com
Berne,Berne@awesomemail.com
Irmine,Irmine@awesomemail.com
Erminia,Erminia@awesomemail.com
Rillings,Rillings@awesomemail.com
Bollay,Bollay@awesomemail.com
Therine,Therine@awesomemail.com
Brian,Brian@awesomemail.com
Claudine,Claudine@awesomemail.com
Lorain,Lorain@awesomemail.com
Thilda,Thilda@awesomemail.com
Brunell,Brunell@awesomemail.com
Ax,Ax@awesomemail.com
Dielu,Dielu@awesomemail.com
Hertzfeld,Hertzfeld@awesomemail.com
Merna,Merna@awesomemail.com
Durware,Durware@awesomemail.com
Olin,Olin@awesomemail.com
Pernick,Pernick@awesomemail.com
Burnside,Burnside@awesomemail.com
Haldas,Haldas@awesomemail.com
Hathaway,Hathaway@awesomemail.com
Boehike,Boehike@awesomemail.com
Rooney,Rooney@awesomemail.com
Edmund,Edmund@awesomemail.com
Rosalba,Rosalba@awesomemail.com
McCutcheon,McCutcheon@awesomemail.com
Sheedy,Sheedy@awesomemail.com
Velick,Velick@awesomemail.com
Suk,Suk@awesomemail.com
Euridice,Euridice@awesomemail.com
Ramona,Ramona@awesomemail.com
Infield,Infield@awesomemail.com
Heidt,Heidt@awesomemail.com
Peg,Peg@awesomemail.com
Westphal,Westphal@awesomemail.com
Dex,Dex@awesomemail.com
Rosette,Rosette@awesomemail.com
Terencio,Terencio@awesomemail.com
Haldas,Haldas@awesomemail.com
Luhe,Luhe@awesomemail.com
Christal,Christal@awesomemail.com
Fitzsimmons,Fitzsimmons@awesomemail.com
Maisey,Maisey@awesomemail.com
Bergman,Bergman@awesomemail.com
Rillings,Rillings@awesomemail.com
Nadia,Nadia@awesomemail.com
Himelman,Himelman@awesomemail.com
Arvo,Arvo@awesomemail.com
Juan,Juan@awesomemail.com
Zitvaa,Zitvaa@awesomemail.com
Naashom,Naashom@awesomemail.com
Oneida,Oneida@awesomemail.com
Zitvaa,Zitvaa@awesomemail.com
Abernon,Abernon@awesomemail.com
Minetta,Minetta@awesomemail.com
Rugen,Rugen@awesomemail.com
Shields,Shields@awesomemail.com
Klotz,Klotz@awesomemail.com
Kiersten,Kiersten@awesomemail.com
Letsou,Letsou@awesomemail.com
Dermott,Dermott@awesomemail.com
Morehouse,Morehouse@awesomemail.com
Meli,Meli@awesomemail.com
Palocz,Palocz@awesomemail.com
Zaslow,Zaslow@awesomemail.com
Nedrud,Nedrud@awesomemail.com
Muriel,Muriel@awesomemail.com
Aurelio,Aurelio@awesomemail.com
Marisa,Marisa@awesomemail.com
Gaulin,Gaulin@awesomemail.com
Seumas,Seumas@awesomemail.com
Oriana,Oriana@awesomemail.com
Ambrosia,Ambrosia@awesomemail.com
Pernick,Pernick@awesomemail.com
Wenda,Wenda@awesomemail.com
Valoniah,Valoniah@awesomemail.com
Yerkovich,Yerkovich@awesomemail.com
Afton,Afton@awesomemail.com
McLaughlin,McLaughlin@awesomemail.com
Graig,Graig@awesomemail.com
Korey,Korey@awesomemail.com
Chinua,Chinua@awesomemail.com
Shields,Shields@awesomemail.com
Gamaliel,Gamaliel@awesomemail.com
Keelia,Keelia@awesomemail.com
Stuart,Stuart@awesomemail.com
Barbey,Barbey@awesomemail.com
Raimondo,Raimondo@awesomemail.com
Buffum,Buffum@awesomemail.com
Tryck,Tryck@awesomemail.com
Ralfston,Ralfston@awesomemail.com
Stilwell,Stilwell@awesomemail.com
Raimondo,Raimondo@awesomemail.com
Penelopa,Penelopa@awesomemail.com
Tiffa,Tiffa@awesomemail.com
Gregrory,Gregrory@awesomemail.com
Dowski,Dowski@awesomemail.com
LaRue,LaRue@awesomemail.com
Corrine,Corrine@awesomemail.com
Kevon,Kevon@awesomemail.com
Delila,Delila@awesomemail.com
Dorine,Dorine@awesomemail.com
Carri,Carri@awesomemail.com
Teddman,Teddman@awesomemail.com
Travax,Travax@awesomemail.com
Emanuel,Emanuel@awesomemail.com
Mitzi,Mitzi@awesomemail.com
Zina,Zina@awesomemail.com
Grobe,Grobe@awesomemail.com
Ferrell,Ferrell@awesomemail.com
Maiah,Maiah@awesomemail.com
Thad,Thad@awesomemail.com
Poll,Poll@awesomemail.com
Leary,Leary@awesomemail.com
Erich,Erich@awesomemail.com
Ailyn,Ailyn@awesomemail.com
Donell,Donell@awesomemail.com
Abbot,Abbot@awesomemail.com
Dreda,Dreda@awesomemail.com
Norvol,Norvol@awesomemail.com
Etom,Etom@awesomemail.com
Ranjiv,Ranjiv@awesomemail.com
Winthorpe,Winthorpe@awesomemail.com
Cloris,Cloris@awesomemail.com
Ruvolo,Ruvolo@awesomemail.com
Rhu,Rhu@awesomemail.com
Ruvolo,Ruvolo@awesomemail.com
Judye,Judye@awesomemail.com
Hailee,Hailee@awesomemail.com
Vastah,Vastah@awesomemail.com
Liva,Liva@awesomemail.com
Ophelia,Ophelia@awesomemail.com
Deegan,Deegan@awesomemail.com
Carbo,Carbo@awesomemail.com
Azeria,Azeria@awesomemail.com
Oscar,Oscar@awesomemail.com
Chaing,Chaing@awesomemail.com
Love,Love@awesomemail.com
Crudden,Crudden@awesomemail.com
Publia,Publia@awesomemail.com
Merat,Merat@awesomemail.com
Juan,Juan@awesomemail.com
Capello,Capello@awesomemail.com
Romelda,Romelda@awesomemail.com
Kunin,Kunin@awesomemail.com
Ortrude,Ortrude@awesomemail.com
Candy,Candy@awesomemail.com
Martsen,Martsen@awesomemail.com
Mata,Mata@awesomemail.com
Zola,Zola@awesomemail.com
Ahab,Ahab@awesomemail.com
Kendrick,Kendrick@awesomemail.com
Stover,Stover@awesomemail.com
Herrera,Herrera@awesomemail.com
Janene,Janene@awesomemail.com
Cleavland,Cleavland@awesomemail.com
Hebner,Hebner@awesomemail.com
Lubin,Lubin@awesomemail.com
Lesley,Lesley@awesomemail.com
Judye,Judye@awesomemail.com
Fry,Fry@awesomemail.com
Hubert,Hubert@awesomemail.com
Pierette,Pierette@awesomemail.com
Dreda,Dreda@awesomemail.com
Dahlia,Dahlia@awesomemail.com
Warthman,Warthman@awesomemail.com
Decato,Decato@awesomemail.com
August,August@awesomemail.com
Quent,Quent@awesomemail.com
Bendick,Bendick@awesomemail.com
Shelba,Shelba@awesomemail.com
Luhe,Luhe@awesomemail.com
Crudden,Crudden@awesomemail.com
Rugen,Rugen@awesomemail.com
Kenney,Kenney@awesomemail.com
Voletta,Voletta@awesomemail.com
Anselmi,Anselmi@awesomemail.com
Roumell,Roumell@awesomemail.com
Muriel,Muriel@awesomemail.com
Seumas,Seumas@awesomemail.com
Emmy,Emmy@awesomemail.com
Gibbeon,Gibbeon@awesomemail.com
Kenwood,Kenwood@awesomemail.com
Edison,Edison@awesomemail.com
Norvol,Norvol@awesomemail.com
Seumas,Seumas@awesomemail.com
Leopold,Leopold@awesomemail.com
Natica,Natica@awesomemail.com
Lattie,Lattie@awesomemail.com
Gamaliel,Gamaliel@awesomemail.com
Bettine,Bettine@awesomemail.com
Cimbura,Cimbura@awesomemail.com
Euridice,Euridice@awesomemail.com
Kiyoshi,Kiyoshi@awesomemail.com
Candy,Candy@awesomemail.com
Glovsky,Glovsky@awesomemail.com
Weide,Weide@awesomemail.com
Roxanna,Roxanna@awesomemail.com
Gale,Gale@awesomemail.com
Garrison,Garrison@awesomemail.com
Hylan,Hylan@awesomemail.com
Aldric,Aldric@awesomemail.com
Clywd,Clywd@awesomemail.com
Pozzy,Pozzy@awesomemail.com
Corilla,Corilla@awesomemail.com
Ursulette,Ursulette@awesomemail.com
Lilybelle,Lilybelle@awesomemail.com
Lamoree,Lamoree@awesomemail.com
Meli,Meli@awesomemail.com
Frodi,Frodi@awesomemail.com
Killigrew,Killigrew@awesomemail.com
Pierette,Pierette@awesomemail.com
Middleton,Middleton@awesomemail.com
Drus,Drus@awesomemail.com
Bouchard,Bouchard@awesomemail.com
Wadell,Wadell@awesomemail.com
Evvie,Evvie@awesomemail.com
Juliet,Juliet@awesomemail.com
Lane,Lane@awesomemail.com
Romelda,Romelda@awesomemail.com
Aaberg,Aaberg@awesomemail.com
Creamer,Creamer@awesomemail.com
Pyle,Pyle@awesomemail.com
Secrest,Secrest@awesomemail.com
Tarrant,Tarrant@awesomemail.com
Kazimir,Kazimir@awesomemail.com
Deegan,Deegan@awesomemail.com
Louanna,Louanna@awesomemail.com
Weide,Weide@awesomemail.com
Zola,Zola@awesomemail.com
Henebry,Henebry@awesomemail.com
Hilbert,Hilbert@awesomemail.com
Vorster,Vorster@awesomemail.com
Urias,Urias@awesomemail.com
Zitvaa,Zitvaa@awesomemail.com
Trinetta,Trinetta@awesomemail.com
Holtz,Holtz@awesomemail.com
Ophelia,Ophelia@awesomemail.com
Estella,Estella@awesomemail.com
Brieta,Brieta@awesomemail.com
Erb,Erb@awesomemail.com
Ingra,Ingra@awesomemail.com
Stilwell,Stilwell@awesomemail.com
Aldric,Aldric@awesomemail.com
Clara,Clara@awesomemail.com
Anselmi,Anselmi@awesomemail.com
Corrine,Corrine@awesomemail.com
Kamaria,Kamaria@awesomemail.com
Velick,Velick@awesomemail.com
Leler,Leler@awesomemail.com
Ophelia,Ophelia@awesomemail.com
Mallon,Mallon@awesomemail.com
Brotherson,Brotherson@awesomemail.com
Cadmar,Cadmar@awesomemail.com
Fiann,Fiann@awesomemail.com
Jacqui,Jacqui@awesomemail.com
Seessel,Seessel@awesomemail.com
Gombach,Gombach@awesomemail.com
Irmine,Irmine@awesomemail.com
Briney,Briney@awesomemail.com
McCutcheon,McCutcheon@awesomemail.com
Haerr,Haerr@awesomemail.com
Chick,Chick@awesomemail.com
Raimondo,Raimondo@awesomemail.com
Bigner,Bigner@awesomemail.com
Charmine,Charmine@awesomemail.com
Johanna,Johanna@awesomemail.com
Barney,Barney@awesomemail.com
Ariella,Ariella@awesomemail.com
Ax,Ax@awesomemail.com
Trace,Trace@awesomemail.com
Wesle,Wesle@awesomemail.com
Kazimir,Kazimir@awesomemail.com
Billye,Billye@awesomemail.com
Yerkovich,Yerkovich@awesomemail.com
Sharl,Sharl@awesomemail.com
Ciro,Ciro@awesomemail.com
Xerxes,Xerxes@awesomemail.com
Bartlett,Bartlett@awesomemail.com
Heisel,Heisel@awesomemail.com
Elvyn,Elvyn@awesomemail.com
Dosia,Dosia@awesomemail.com
Gregrory,Gregrory@awesomemail.com
Leffen,Leffen@awesomemail.com
Caitlin,Caitlin@awesomemail.com
Belldas,Belldas@awesomemail.com
Leonard,Leonard@awesomemail.com
Turne,Turne@awesomemail.com
Grosz,Grosz@awesomemail.com
Jacobah,Jacobah@awesomemail.com
McAdams,McAdams@awesomemail.com
Dorine,Dorine@awesomemail.com
Philoo,Philoo@awesomemail.com
Leifeste,Leifeste@awesomemail.com
Callista,Callista@awesomemail.com
Diogenes,Diogenes@awesomemail.com
Quent,Quent@awesomemail.com
Frendel,Frendel@awesomemail.com
Poppy,Poppy@awesomemail.com
Moseley,Moseley@awesomemail.com
Mallon,Mallon@awesomemail.com
Codding,Codding@awesomemail.com
Iiette,Iiette@awesomemail.com
Felizio,Felizio@awesomemail.com
Dreda,Dreda@awesomemail.com
Amand,Amand@awesomemail.com
Hepsibah,Hepsibah@awesomemail.com
Gilmour,Gilmour@awesomemail.com
Giule,Giule@awesomemail.com
Lutero,Lutero@awesomemail.com
Felecia,Felecia@awesomemail.com
Wooster,Wooster@awesomemail.com
Stoller,Stoller@awesomemail.com
Wilkinson,Wilkinson@awesomemail.com
Emmy,Emmy@awesomemail.com
Mandler,Mandler@awesomemail.com
Forrer,Forrer@awesomemail.com
Adore,Adore@awesomemail.com
Shama,Shama@awesomemail.com
Koziara,Koziara@awesomemail.com
Christal,Christal@awesomemail.com
Khorma,Khorma@awesomemail.com
Hewitt,Hewitt@awesomemail.com
Carolin,Carolin@awesomemail.com
Zrike,Zrike@awesomemail.com
Oneida,Oneida@awesomemail.com
Madelene,Madelene@awesomemail.com
Swanhildas,Swanhildas@awesomemail.com
Gower,Gower@awesomemail.com
Kravits,Kravits@awesomemail.com
Edvard,Edvard@awesomemail.com
Emerson,Emerson@awesomemail.com
Zina,Zina@awesomemail.com
Mallon,Mallon@awesomemail.com
Honoria,Honoria@awesomemail.com
Elsinore,Elsinore@awesomemail.com
Maples,Maples@awesomemail.com
Leary,Leary@awesomemail.com
Lucienne,Lucienne@awesomemail.com
Duwalt,Duwalt@awesomemail.com
Anastatius,Anastatius@awesomemail.com
Giff,Giff@awesomemail.com
Cordi,Cordi@awesomemail.com
Ilka,Ilka@awesomemail.com
Cherianne,Cherianne@awesomemail.com
Philoo,Philoo@awesomemail.com
Haldas,Haldas@awesomemail.com
Imelida,Imelida@awesomemail.com
Taima,Taima@awesomemail.com
Gombach,Gombach@awesomemail.com
Gualtiero,Gualtiero@awesomemail.com
Shuler,Shuler@awesomemail.com
Magnolia,Magnolia@awesomemail.com
Manolo,Manolo@awesomemail.com
Ellord,Ellord@awesomemail.com
Erskine,Erskine@awesomemail.com
Mendez,Mendez@awesomemail.com
Khorma,Khorma@awesomemail.com
Sharl,Sharl@awesomemail.com
Hamil,Hamil@awesomemail.com
Tengdin,Tengdin@awesomemail.com
Atonsah,Atonsah@awesomemail.com
Kenney,Kenney@awesomemail.com
Christine,Christine@awesomemail.com
Palocz,Palocz@awesomemail.com
Hutchison,Hutchison@awesomemail.com
Maxi,Maxi@awesomemail.com
Douglass,Douglass@awesomemail.com
Herrera,Herrera@awesomemail.com
Mehalek,Mehalek@awesomemail.com
Catie,Catie@awesomemail.com
Fancie,Fancie@awesomemail.com